{
  "root_dir": "/mnt/home/zengyitao/cv-hw2/cifar-10-python",
  "num_classes": 10,
  "class_names": [
    "airplane",
    "automobile",
    "bird",
    "cat",
    "deer",
    "dog",
    "frog",
    "horse",
    "ship",
    "truck"
  ],
  "train_size": 50000,
  "test_size": 10000,
  "image_shape": [
    32,
    32,
    3
  ],
  "channel_mean": [
    0.49140089750289917,
    0.48215895891189575,
    0.4465307891368866
  ],
  "channel_std": [
    0.2470327913761139,
    0.243484228849411,
    0.261587530374527
  ]
}